{"cameraMode":{"drawMode":0,"name":"Shaded","section":"Shading Mode"},"sceneLighting":false,"audioPlay":false,"sceneViewState":{"m_AlwaysRefresh":false,"showFog":true,"showSkybox":false,"showFlares":true,"showImageEffects":true,"showParticleSystems":false,"showVisualEffectGraphs":true,"m_FxEnabled":true},"in2DMode":false,"pivot":{"x":11.507125854492188,"y":0.8466424942016602,"z":4.148045539855957},"rotation":{"x":0.20504403114318849,"y":-0.48446911573410036,"z":0.1179465800523758,"w":0.8422229886054993},"size":15.156707763671875,"orthographic":false}