{"cameraMode":{"drawMode":0,"name":"Shaded","section":"Shading Mode"},"sceneLighting":false,"audioPlay":false,"sceneViewState":{"m_AlwaysRefresh":false,"showFog":true,"showSkybox":false,"showFlares":true,"showImageEffects":true,"showParticleSystems":false,"showVisualEffectGraphs":true,"m_FxEnabled":false},"in2DMode":false,"pivot":{"x":-0.6065681576728821,"y":1.661436676979065,"z":0.05684357136487961},"rotation":{"x":0.10966476798057556,"y":-0.8583024144172669,"z":0.20594987273216248,"w":0.4570330083370209},"size":0.31221991777420046,"orthographic":false}