{"cameraMode":{"drawMode":0,"name":"Shaded","section":"Shading Mode"},"sceneLighting":true,"audioPlay":false,"sceneViewState":{"m_AlwaysRefresh":false,"showFog":true,"showSkybox":true,"showFlares":true,"showImageEffects":true,"showParticleSystems":false,"showVisualEffectGraphs":true,"m_FxEnabled":true},"in2DMode":false,"pivot":{"x":10.82886791229248,"y":0.4749577045440674,"z":4.949798583984375},"rotation":{"x":0.20504403114318849,"y":-0.48446911573410036,"z":0.1179465800523758,"w":0.8422229886054993},"size":2.0132813453674318,"orthographic":false}