{"cameraMode":{"drawMode":0,"name":"Shaded","section":"Shading Mode"},"sceneLighting":true,"audioPlay":false,"sceneViewState":{"m_AlwaysRefresh":false,"showFog":true,"showSkybox":true,"showFlares":true,"showImageEffects":true,"showParticleSystems":false,"showVisualEffectGraphs":true,"m_FxEnabled":true},"in2DMode":false,"pivot":{"x":7.853046417236328,"y":0.2665828466415405,"z":6.215203285217285},"rotation":{"x":0.20504403114318849,"y":-0.48446911573410036,"z":0.1179465800523758,"w":0.8422229886054993},"size":0.4330126941204071,"orthographic":false}